{"cameraMode":{"drawMode":0,"name":"Shaded","section":"Shading Mode"},"sceneLighting":true,"audioPlay":false,"sceneViewState":{"showFog":true,"showMaterialUpdate":false,"showSkybox":true,"showFlares":true,"showImageEffects":true,"showParticleSystems":true},"in2DMode":false,"pivot":{"x":-146.74658203125,"y":-62.59232711791992,"z":-43.616004943847659},"rotation":{"x":0.008996526710689068,"y":-0.026995336636900903,"z":0.00024296950141433626,"w":0.999595046043396},"size":1854.5948486328125,"orthographic":true}