{"cameraMode":{"drawMode":0,"name":"Shaded","section":"Shading Mode"},"sceneLighting":true,"audioPlay":false,"sceneViewState":{"showFog":true,"showMaterialUpdate":false,"showSkybox":true,"showFlares":true,"showImageEffects":true,"showParticleSystems":true},"in2DMode":false,"pivot":{"x":19.612667083740236,"y":183.56134033203126,"z":-401.7644348144531},"rotation":{"x":0.20157869160175324,"y":-0.1520988941192627,"z":0.03170394524931908,"w":0.9670712351799011},"size":992.1599731445313,"orthographic":true}